
{
  "personal": {
    "name": "Paweł Knorps",
    "title": " Composer, Bassist, Producer",
    "subtitle": "Muzyk jazzowy • Programista • Kognitywista",
    "bio": "Musician and experimental artist based in Poznań, Poland.",
    "contact": {
      "email": "pawel.knorps@gmail.com",
      "location": "Poznań, Polska",
      "github": "github.com/pawelknorps"
    }
  },
  "musicProjects": [
    {
      "id": "jazzowa-tkanka-miasta",
      "title": "Jazzowa tkanka miasta",
      "type": "Album",
      "year": "2024",
      "releaseDate": "November 15, 2024",
      "description": "„Jazzowa tkanka miasta to muzyczna podróż przez serce Poznania – miasta, którego brzmienia, historie i energia stały się inspiracją do stworzenia tego wyjątkowego projektu. Paweł Knorps, nagrodzony Stypendium Twórczym Miasta Poznania, zaprosił lokalną społeczność do współtworzenia dźwiękowego portretu miasta.",
      "features": [
        "Dźwięki miasta, od szumu ulic i stukotu tramwajów po spontaniczne rozmowy mieszkańców",
        "Jazzowe kompozycje oddające kontrasty i rytm życia Poznania",
        "Unikalna interakcja tradycji jazzu z nowoczesnymi technikami nagrywania"
      ],
      "credits": [
        "Paweł Knorps - guitar, synthesizers, piano, bass, vocal, samples, mix, master"
      ],
      "funding": "Projekt zrealizowano dzięki wsparciu Miasta Poznania w ramach Stypendium Twórczego",
      "links": {
        "bandcamp": "#",
        "spotify": "#",
        "youtube": "#"
      },
      "color": "blue"
    },
    {
      "id": "kolorking-muzyczny",
      "title": "Kołorking Muzyczny",
      "type": "Zarządzanie",
      "year": "2024",
      "description": "Organizacja wydarzeń i prób, zarządzanie Kołorkingiem Muzycznym na św. Marcinie 75.",
      "features": [
        "Zarządzanie przestrzenią muzyczną",
        "Organizacja wydarzeń kulturalnych",
        "Koordynacja działań artystycznych"
      ],
      "links": {
        "bandcamp": "#",
        "spotify": "#",
        "youtube": "#"
      },
      "color": "purple"
    },
    {
      "id": "kontenerart-collaboration",
      "title": "Współpraca z KontenerART",
      "type": "Wydarzenie",
      "year": "2024",
      "description": "Organizacja i rozgrywanie Jam Session co czwartek przez całe wakacje w ramach współpracy z KontenerART.",
      "features": [
        "Cotygodniowe jam sessions",
        "Współpraca z lokalną społecznością muzyczną",
        "Promocja kultury jazzowej w Poznaniu"
      ],
      "links": {
        "bandcamp": "#",
        "spotify": "#",
        "youtube": "#"
      },
      "color": "green"
    }
  ],
  "programmingProjects": [
    {
      "id": "django-chatbot",
      "title": "Django Music Chatbot",
      "type": "Web Application",
      "year": "2023",
      "description": "Inteligentny asystent muzyczny zbudowany w Django z wykorzystaniem Django Channels i WebSocket do komunikacji w czasie rzeczywistym.",
      "technologies": ["Python", "Django", "Django Channels", "WebSocket", "NLP", "PostgreSQL"],
      "features": [
        "Analiza zapytań muzycznych w czasie rzeczywistym",
        "Rekomendacje utworów na podstawie preferencji",
        "Integracja z API serwisów muzycznych"
      ],
      "github": "#",
      "demo": "#",
      "color": "blue"
    },
    {
      "id": "flutter-music-app",
      "title": "Flutter Music Practice App",
      "type": "Mobile Application",
      "year": "2022",
      "description": "Aplikacja mobilna do zarządzania czasem ćwiczeń muzycznych z wbudowanym metronomem i systemem śledzenia postępów.",
      "technologies": ["Flutter", "Dart", "SQLite", "Audio Processing"],
      "features": [
        "Metronom z konfigurowalnymi rytmami",
        "Śledzenie czasu ćwiczeń",
        "Analiza postępów w nauce",
        "Biblioteka ćwiczeń technicznych"
      ],
      "github": "#",
      "playstore": "#",
      "color": "green"
    },
    {
      "id": "audio-analysis-tool",
      "title": "AI Audio Analysis Tool",
      "type": "Research Project",
      "year": "2023",
      "description": "Narzędzie do analizy nagrań jazzowych wykorzystujące machine learning do identyfikacji wzorców harmonicznych i rytmicznych.",
      "technologies": ["Python", "TensorFlow", "Librosa", "NumPy", "Jupyter"],
      "features": [
        "Automatyczna detekcja akordów",
        "Analiza struktur rytmicznych",
        "Wizualizacja wzorców harmonicznych",
        "Eksport danych do notacji muzycznej"
      ],
      "github": "#",
      "paper": "#",
      "color": "purple"
    },
    {
      "id": "cognitive-music-generator",
      "title": "Cognitive Music Generator",
      "type": "AI Research",
      "year": "2024",
      "description": "Eksperymentalny generator muzyki oparty na modelach kognitywnych, który tworzy kompozycje imitujące proces myślowy muzyka podczas improwizacji.",
      "technologies": ["Python", "PyTorch", "MIDI", "Cognitive Science", "Music Theory"],
      "features": [
        "Modelowanie procesów kognitywnych",
        "Generowanie improwizacji jazzowych",
        "Analiza wzorców kreatywności",
        "Interaktywny interfejs do tworzenia"
      ],
      "github": "#",
      "demo": "#",
      "color": "red"
    },
    {
      "id": "rnbo-web-synth",
      "title": "RNBO Web Synthesizer",
      "type": "Audio Web App",
      "year": "2024",
      "description": "Interaktywny syntezator webowy zbudowany z RNBO i Web Audio API, pozwalający na eksperymentowanie z dźwiękiem w przeglądarce.",
      "technologies": ["RNBO", "Web Audio API", "JavaScript", "WebGL", "Max/MSP"],
      "features": [
        "Real-time audio synthesis",
        "Wizualizacja dźwięku",
        "Midi controller support",
        "Preset management"
      ],
      "github": "#",
      "demo": "#",
      "color": "indigo"
    },
    {
      "id": "astro-svelte-portfolio",
      "title": "Modern Portfolio Website",
      "type": "Web Development",
      "year": "2024",
      "description": "Nowoczesna strona portfolio zbudowana z Astro, Svelte, Tailwind CSS i Three.js z interaktywnymi 3D elementami i animacjami.",
      "technologies": ["Astro", "Svelte", "Tailwind CSS", "Three.js", "Bun"],
      "features": [
        "Server-side rendering z Astro",
        "Reaktywne komponenty Svelte",
        "Interaktywne animacje 3D",
        "Responsywny design"
      ],
      "github": "#",
      "demo": "#",
      "color": "yellow"
    }
  ]
}